{
    "foreground_intensity_properties_per_channel": {
        "0": {
            "max": 1.0,
            "mean": 0.8841774463653564,
            "median": 0.9067711234092712,
            "min": 0.028094498440623283,
            "percentile_00_5": 0.5178853273391724,
            "percentile_99_5": 1.0,
            "std": 0.11263655871152878
        }
    },
    "median_relative_size_after_cropping": 0.36104256272401436,
    "shapes_after_crop": [
        [
            137,
            167,
            132
        ],
        [
            135,
            156,
            131
        ],
        [
            133,
            150,
            138
        ],
        [
            135,
            153,
            139
        ],
        [
            140,
            173,
            133
        ],
        [
            148,
            187,
            136
        ],
        [
            150,
            186,
            133
        ],
        [
            140,
            175,
            144
        ],
        [
            136,
            177,
            143
        ],
        [
            144,
            179,
            138
        ],
        [
            142,
            180,
            139
        ],
        [
            140,
            150,
            136
        ],
        [
            142,
            169,
            133
        ],
        [
            130,
            169,
            135
        ],
        [
            139,
            164,
            140
        ],
        [
            145,
            175,
            138
        ],
        [
            145,
            174,
            140
        ],
        [
            140,
            168,
            130
        ],
        [
            136,
            163,
            130
        ],
        [
            132,
            154,
            143
        ],
        [
            133,
            155,
            143
        ],
        [
            139,
            165,
            134
        ],
        [
            141,
            165,
            136
        ],
        [
            140,
            171,
            141
        ],
        [
            140,
            107,
            138
        ],
        [
            139,
            158,
            140
        ],
        [
            140,
            169,
            146
        ],
        [
            139,
            148,
            145
        ],
        [
            134,
            155,
            132
        ],
        [
            143,
            197,
            136
        ],
        [
            148,
            196,
            134
        ],
        [
            148,
            178,
            139
        ],
        [
            145,
            176,
            140
        ],
        [
            138,
            171,
            138
        ],
        [
            138,
            162,
            134
        ],
        [
            144,
            184,
            146
        ],
        [
            148,
            161,
            142
        ],
        [
            132,
            159,
            136
        ],
        [
            138,
            156,
            134
        ],
        [
            135,
            164,
            139
        ],
        [
            137,
            162,
            140
        ],
        [
            144,
            177,
            136
        ],
        [
            142,
            176,
            135
        ],
        [
            138,
            165,
            134
        ],
        [
            139,
            166,
            133
        ],
        [
            129,
            161,
            141
        ],
        [
            146,
            175,
            144
        ],
        [
            144,
            170,
            143
        ],
        [
            145,
            179,
            141
        ],
        [
            146,
            179,
            140
        ],
        [
            126,
            161,
            128
        ],
        [
            125,
            159,
            129
        ],
        [
            145,
            164,
            139
        ],
        [
            145,
            171,
            152
        ],
        [
            139,
            167,
            148
        ],
        [
            136,
            168,
            145
        ],
        [
            140,
            173,
            139
        ],
        [
            142,
            183,
            136
        ],
        [
            143,
            181,
            137
        ],
        [
            141,
            172,
            133
        ],
        [
            136,
            175,
            134
        ],
        [
            135,
            175,
            134
        ],
        [
            139,
            176,
            138
        ],
        [
            137,
            176,
            138
        ],
        [
            141,
            172,
            135
        ],
        [
            139,
            175,
            136
        ],
        [
            132,
            158,
            137
        ],
        [
            142,
            170,
            153
        ],
        [
            135,
            166,
            130
        ],
        [
            139,
            173,
            132
        ],
        [
            133,
            173,
            131
        ],
        [
            138,
            158,
            136
        ],
        [
            140,
            173,
            137
        ],
        [
            139,
            174,
            134
        ],
        [
            141,
            174,
            135
        ],
        [
            138,
            170,
            136
        ],
        [
            137,
            172,
            136
        ],
        [
            138,
            154,
            129
        ],
        [
            138,
            158,
            129
        ],
        [
            133,
            165,
            137
        ],
        [
            139,
            149,
            134
        ],
        [
            141,
            181,
            144
        ],
        [
            142,
            178,
            143
        ],
        [
            145,
            172,
            132
        ],
        [
            146,
            174,
            132
        ],
        [
            144,
            181,
            146
        ],
        [
            144,
            165,
            144
        ],
        [
            143,
            169,
            145
        ],
        [
            139,
            171,
            129
        ],
        [
            137,
            172,
            131
        ],
        [
            142,
            171,
            137
        ],
        [
            147,
            178,
            137
        ],
        [
            147,
            173,
            136
        ],
        [
            135,
            157,
            139
        ],
        [
            137,
            153,
            142
        ],
        [
            144,
            188,
            132
        ],
        [
            140,
            186,
            134
        ],
        [
            141,
            165,
            139
        ],
        [
            142,
            164,
            141
        ],
        [
            137,
            172,
            135
        ],
        [
            137,
            172,
            136
        ],
        [
            134,
            172,
            138
        ],
        [
            130,
            172,
            138
        ],
        [
            139,
            169,
            143
        ],
        [
            138,
            169,
            145
        ],
        [
            129,
            135,
            138
        ],
        [
